file	seq	subject	event_id	correlation_id	tech	business_fn	is_claim_check	rule	confidence	notes
INGRESS-ACME-seq1242.json	1242	evt.acme.api-gateway.messaging.telegram.webhook.webhook_received.v1	07102a98-5185-40b7-85e8-3a60d23fd096	07102a98-5185-40b7-85e8-3a60d23fd096	telegram	ingress	false	2	ALTA	Stage-1 webhook receipt; chain root (correlation_id = own id, causation null). envelope.type still hardcoded (DRIFT#1).
INGRESS-ACME-seq1243.json	1243	evt.acme.channel-service.messaging.telegram.telegram.received.v1	208e49bf-9938-4809-b90e-6eb027cb3e87	07102a98-5185-40b7-85e8-3a60d23fd096	telegram	channel-processing	false	3	ALTA	Stage-2 canonical received; inherits root correlation, causation = stage-1 id, depth 1.
INGRESS-ACME-seq1244.json	1244	evt.acme.channel-service.messaging.telegram.telegram.send.v1	8f8448b2-f6de-40e9-9bee-6dd2025c7496	07102a98-5185-40b7-85e8-3a60d23fd096	telegram	channel-egress	false	4	ALTA	Outbound send; correlation inherited from chain root. Residual (deferred fix 3): causation points at the received event, skipping the agent execution.
INGRESS-ACME-seq1245.json	1245	evt.acme.ai-agent-gateway.automation.platform.internal.execution_requested.v1	e231584a-0d09-487e-a74b-d031edd582c8	07102a98-5185-40b7-85e8-3a60d23fd096	platform	agent-execution	false	6	ALTA	POST-FIX: correlation_id inherited from channel chain root (was static agent literal pre-fix); causation = received event id, depth 2.
INGRESS-ACME-seq1246.json	1246	evt.acme.ai-agent-gateway.automation.platform.internal.execution_started.v1	770380fc-4dd7-4dd3-83e3-6d4ddd177330	07102a98-5185-40b7-85e8-3a60d23fd096	platform	agent-execution	false	6	ALTA	POST-FIX: inherits chain correlation via deriveEnvelope; causation = execution_requested id, depth 3.
INGRESS-ACME-seq1247.json	1247	evt.acme.workflow-service.workflow.internal.native.execution_completed.v1	d23cd5e6-f512-4624-8a11-fc385f49fea9	07102a98-5185-40b7-85e8-3a60d23fd096	platform	workflow-execution	false	19	ALTA	producer 'workflow-service' + domain 'workflow' -> rule 19 platform/workflow-execution (relabeled 2026-07-10, Phase-0 open decision #1 resolved; was rule 17 unknown/unknown). POST-FIX (fix 2): correlation_id now inherited from chain root and causation = received event id, depth 2 (was self-correlated orphan pre-fix).
INGRESS-ACME-seq1248.json	1248	evt.acme.channel-service.messaging.telegram.telegram.sent.v1	fd0fe6c6-ffce-4ace-9c83-d11cc6801c0a	07102a98-5185-40b7-85e8-3a60d23fd096	telegram	channel-egress	false	4	ALTA	Outbound sent confirmation; causation = the send event id, correlation inherited.
INGRESS-ACME-seq1249.json	1249	evt.acme.ai-agent-gateway.automation.platform.internal.online.v1	eb45aabc-4b18-4068-a1b5-56bdb9421518	4c55e110-7a17-4fe1-afb0-b0def8a07f97	platform	runtime-presence	false	20	ALTA	Runtime-presence heartbeat (online.v1) published every ~15s per active tenant by agent-ai-service HeartbeatService (heartbeat.service.ts:91). Rule 20 -> platform/runtime-presence, disposition counted-not-persisted: no row inserted, OTel counter tracking_ingester_skipped_total keeps it visible. Non-canonical envelope (no data.payload_inline, transport={name,version}, UUID idempotencykey); subject producer token ai-agent-gateway but publisher is agent-ai-service (producer-token drift analogous to DRIFT.md item 9; heartbeat non-canonical traits in DRIFT.md item 5).
INGRESS-ACME-seq1250.json	1250	evt.acme.agent-memory-service.agent-memory.platform.internal.memory_proposed.v1	b5114e11-576a-4810-9273-a106b359c1c9	memory:0755b1c8-d8f3-468f-ac18-356e3ba10776	platform	agent-memory	false	9	ALTA	Classified by SUBJECT (rule 9 note). Root of the memory lifecycle (causation null by design). envelope.producer=agent-admin-service and domain=automation still contradict subject tokens (DRIFT#9, not part of the fixes). Session links to mcp-repo-support-bot execution 019f48b3-8571 (metadata.sessionId).
INGRESS-ACME-seq1251.json	1251	evt.acme.ai-agent-gateway.automation.platform.internal.execution_completed.v1	f4dee42f-a20f-4586-81c3-556d36f2f8e4	07102a98-5185-40b7-85e8-3a60d23fd096	platform	agent-execution	false	6	ALTA	POST-FIX: inherits chain correlation via deriveEnvelope; causation = execution_requested id, depth 3.
INGRESS-ACME-seq1252.json	1252	evt.acme.channel-service.messaging.telegram.telegram.send.v1	9952072a-db6b-4767-bd8a-b4296c670157	07102a98-5185-40b7-85e8-3a60d23fd096	telegram	channel-egress	false	4	ALTA	Outbound send; correlation inherited from chain root. Residual (deferred fix 3): causation points at the received event, skipping the agent execution.
INGRESS-ACME-seq1253.json	1253	evt.acme.workflow-service.workflow.internal.native.execution_completed.v1	213861ee-0da1-4c1d-854c-303bb9e574b5	07102a98-5185-40b7-85e8-3a60d23fd096	platform	workflow-execution	false	19	ALTA	producer 'workflow-service' + domain 'workflow' -> rule 19 platform/workflow-execution (relabeled 2026-07-10, Phase-0 open decision #1 resolved; was rule 17 unknown/unknown). POST-FIX (fix 2): correlation_id now inherited from chain root and causation = received event id, depth 2 (was self-correlated orphan pre-fix).
INGRESS-ACME-seq1254.json	1254	evt.acme.channel-service.messaging.telegram.telegram.sent.v1	878d9419-3418-4a1a-b30f-8c763705a484	07102a98-5185-40b7-85e8-3a60d23fd096	telegram	channel-egress	false	4	ALTA	Outbound sent confirmation; causation = the send event id, correlation inherited.
INGRESS-ACME-seq1255.json	1255	evt.acme.ai-agent-gateway.automation.platform.internal.online.v1	11db2efe-9514-44f9-9eda-c0e1e7fa400b	cc8977c8-57ab-4ca1-8ac7-c2cc035b26c3	platform	runtime-presence	false	20	ALTA	Runtime-presence heartbeat (online.v1) published every ~15s per active tenant by agent-ai-service HeartbeatService (heartbeat.service.ts:91). Rule 20 -> platform/runtime-presence, disposition counted-not-persisted: no row inserted, OTel counter tracking_ingester_skipped_total keeps it visible. Non-canonical envelope (no data.payload_inline, transport={name,version}, UUID idempotencykey); subject producer token ai-agent-gateway but publisher is agent-ai-service (producer-token drift analogous to DRIFT.md item 9; heartbeat non-canonical traits in DRIFT.md item 5).
INGRESS-ACME-seq1256.json	1256	evt.acme.ai-agent-gateway.automation.platform.internal.online.v1	883921bd-c22f-4378-b04f-1f54ad8aa832	e8a1f2ce-d50f-4f91-8617-1fe483e95b62	platform	runtime-presence	false	20	ALTA	Runtime-presence heartbeat (online.v1) published every ~15s per active tenant by agent-ai-service HeartbeatService (heartbeat.service.ts:91). Rule 20 -> platform/runtime-presence, disposition counted-not-persisted: no row inserted, OTel counter tracking_ingester_skipped_total keeps it visible. Non-canonical envelope (no data.payload_inline, transport={name,version}, UUID idempotencykey); subject producer token ai-agent-gateway but publisher is agent-ai-service (producer-token drift analogous to DRIFT.md item 9; heartbeat non-canonical traits in DRIFT.md item 5).
INGRESS-ACME-seq1257.json	1257	evt.acme.api-gateway.messaging.http.webhook.webhook_received.v1	583625a7-8eb0-4189-a68b-b597eaff69c4	583625a7-8eb0-4189-a68b-b597eaff69c4	http-generic	ingress	false	2	ALTA	Stage-1 webhook receipt (http mapped to http-generic per TAXONOMY Q5); chain root. envelope.type still hardcoded (DRIFT#1).
INGRESS-ACME-seq1258.json	1258	evt.acme.channel-service.messaging.http.http.received.v1	2f5c191f-7749-4fda-84aa-b816b2669624	583625a7-8eb0-4189-a68b-b597eaff69c4	http-generic	channel-processing	false	3	ALTA	Stage-2 canonical received; inherits root correlation, causation = stage-1 id, depth 1.
INGRESS-ACME-seq1259.json	1259	evt.acme.ai-agent-gateway.automation.platform.internal.execution_requested.v1	75279ab1-0fdd-4560-ba92-210ddcb4e97c	583625a7-8eb0-4189-a68b-b597eaff69c4	platform	agent-execution	false	6	ALTA	POST-FIX: correlation_id inherited from channel chain root (was static agent literal pre-fix); causation = received event id, depth 2.
INGRESS-ACME-seq1260.json	1260	evt.acme.ai-agent-gateway.automation.platform.internal.execution_started.v1	00fd8d72-ad03-4407-b5cc-7b5bb4bb9473	583625a7-8eb0-4189-a68b-b597eaff69c4	platform	agent-execution	false	6	ALTA	POST-FIX: inherits chain correlation via deriveEnvelope; causation = execution_requested id, depth 3.
INGRESS-ACME-seq1261.json	1261	evt.acme.workflow-service.workflow.internal.native.execution_completed.v1	b72afba7-8295-44cc-98c3-d937629c403a	583625a7-8eb0-4189-a68b-b597eaff69c4	platform	workflow-execution	false	19	ALTA	producer 'workflow-service' + domain 'workflow' -> rule 19 platform/workflow-execution (relabeled 2026-07-10, Phase-0 open decision #1 resolved; was rule 17 unknown/unknown). POST-FIX (fix 2): correlation_id now inherited from chain root and causation = received event id, depth 2 (was self-correlated orphan pre-fix).
INGRESS-ACME-seq1262.json	1262	evt.acme.agent-memory-service.agent-memory.platform.internal.memory_proposed.v1	ea3cde7a-2a2f-49a2-8e9d-646ae95b1e08	memory:20205190-d3e2-4ce8-a846-e6052971fe2f	platform	agent-memory	false	9	ALTA	Classified by SUBJECT (rule 9 note). Root of the memory lifecycle (causation null by design). envelope.producer=agent-admin-service and domain=automation still contradict subject tokens (DRIFT#9, not part of the fixes). Session links to ai-agent-triage refund execution 019f48b4-28a7.
INGRESS-ACME-seq1263.json	1263	evt.acme.ai-agent-gateway.automation.platform.internal.execution_completed.v1	35ec17bd-b240-4354-b043-86e50684068c	583625a7-8eb0-4189-a68b-b597eaff69c4	platform	agent-execution	false	6	ALTA	POST-FIX: inherits chain correlation via deriveEnvelope; causation = execution_requested id, depth 3.
INGRESS-ACME-seq1264.json	1264	evt.acme.channel-service.messaging.telegram.telegram.send.v1	2d76b484-ab78-4f67-89ae-febff6356710	583625a7-8eb0-4189-a68b-b597eaff69c4	telegram	channel-egress	false	4	ALTA	Outbound send; correlation inherited from chain root. Residual (deferred fix 3): causation points at the received event, skipping the agent execution.
INGRESS-ACME-seq1265.json	1265	evt.acme.workflow-service.workflow.internal.native.execution_completed.v1	98e29020-40fb-42d2-a384-176db76319fd	583625a7-8eb0-4189-a68b-b597eaff69c4	platform	workflow-execution	false	19	ALTA	producer 'workflow-service' + domain 'workflow' -> rule 19 platform/workflow-execution (relabeled 2026-07-10, Phase-0 open decision #1 resolved; was rule 17 unknown/unknown). POST-FIX (fix 2): correlation_id now inherited from chain root and causation = received event id, depth 2 (was self-correlated orphan pre-fix).
INGRESS-ACME-seq1266.json	1266	evt.acme.channel-service.messaging.telegram.telegram.sent.v1	f4a1bf1c-c89f-44f6-97f7-d0ee510d283a	583625a7-8eb0-4189-a68b-b597eaff69c4	telegram	channel-egress	false	4	ALTA	Outbound sent confirmation; causation = the send event id, correlation inherited.
INGRESS-ACME-seq1267.json	1267	evt.acme.ai-agent-gateway.automation.platform.internal.online.v1	11f69e76-5ce5-4d49-89ea-ff9079faf720	b10c837c-aea5-4ad5-b327-1c428b5b0092	platform	runtime-presence	false	20	ALTA	Runtime-presence heartbeat (online.v1) published every ~15s per active tenant by agent-ai-service HeartbeatService (heartbeat.service.ts:91). Rule 20 -> platform/runtime-presence, disposition counted-not-persisted: no row inserted, OTel counter tracking_ingester_skipped_total keeps it visible. Non-canonical envelope (no data.payload_inline, transport={name,version}, UUID idempotencykey); subject producer token ai-agent-gateway but publisher is agent-ai-service (producer-token drift analogous to DRIFT.md item 9; heartbeat non-canonical traits in DRIFT.md item 5).
INGRESS-ACME-seq1268.json	1268	evt.acme.api-gateway.messaging.http.webhook.webhook_received.v1	049662ce-1986-4894-b8bd-71565252dde3	049662ce-1986-4894-b8bd-71565252dde3	http-generic	ingress	false	2	ALTA	Stage-1 webhook receipt (http mapped to http-generic per TAXONOMY Q5); chain root. envelope.type still hardcoded (DRIFT#1).
INGRESS-ACME-seq1269.json	1269	evt.acme.channel-service.messaging.http.http.received.v1	c29961e5-d7f5-45ab-b323-99fc6b405bd7	049662ce-1986-4894-b8bd-71565252dde3	http-generic	channel-processing	false	3	ALTA	Stage-2 canonical received; inherits root correlation, causation = stage-1 id, depth 1.
INGRESS-ACME-seq1270.json	1270	evt.acme.ai-agent-gateway.automation.platform.internal.execution_requested.v1	30a4f92d-3612-4e84-93c5-834f1a1bf151	049662ce-1986-4894-b8bd-71565252dde3	platform	agent-execution	false	6	ALTA	POST-FIX: correlation_id inherited from channel chain root (was static agent literal pre-fix); causation = received event id, depth 2.
INGRESS-ACME-seq1271.json	1271	evt.acme.ai-agent-gateway.automation.platform.internal.execution_started.v1	16e0c5d3-9dc8-4f1a-a3e8-87b890768f48	049662ce-1986-4894-b8bd-71565252dde3	platform	agent-execution	false	6	ALTA	POST-FIX: inherits chain correlation via deriveEnvelope; causation = execution_requested id, depth 3.
INGRESS-ACME-seq1272.json	1272	evt.acme.workflow-service.workflow.internal.native.execution_completed.v1	58cd724d-43b4-4a53-adf0-4987c76a7678	049662ce-1986-4894-b8bd-71565252dde3	platform	workflow-execution	false	19	ALTA	producer 'workflow-service' + domain 'workflow' -> rule 19 platform/workflow-execution (relabeled 2026-07-10, Phase-0 open decision #1 resolved; was rule 17 unknown/unknown). POST-FIX (fix 2): correlation_id now inherited from chain root and causation = received event id, depth 2 (was self-correlated orphan pre-fix).
INGRESS-ACME-seq1273.json	1273	evt.acme.api-gateway.messaging.http.webhook.webhook_received.v1	8c0576be-f9d1-48c7-a3e9-1e5c72b48ac2	8c0576be-f9d1-48c7-a3e9-1e5c72b48ac2	http-generic	ingress	false	2	ALTA	Stage-1 webhook receipt (http mapped to http-generic per TAXONOMY Q5); chain root. envelope.type still hardcoded (DRIFT#1).
INGRESS-ACME-seq1274.json	1274	evt.acme.channel-service.messaging.http.http.received.v1	92e34779-bb62-46d7-ba46-64db09192b07	8c0576be-f9d1-48c7-a3e9-1e5c72b48ac2	http-generic	channel-processing	false	3	ALTA	Stage-2 canonical received; inherits root correlation, causation = stage-1 id, depth 1.
INGRESS-ACME-seq1275.json	1275	evt.acme.ai-agent-gateway.automation.platform.internal.execution_requested.v1	881c3d46-8573-43fc-9680-b08d7f9c1839	8c0576be-f9d1-48c7-a3e9-1e5c72b48ac2	platform	agent-execution	false	6	ALTA	POST-FIX: correlation_id inherited from channel chain root (was static agent literal pre-fix); causation = received event id, depth 2.
INGRESS-ACME-seq1276.json	1276	evt.acme.workflow-service.workflow.internal.native.execution_completed.v1	c15e3dbc-b633-4ad3-8f2e-bb228e1e6ece	8c0576be-f9d1-48c7-a3e9-1e5c72b48ac2	platform	workflow-execution	false	19	ALTA	producer 'workflow-service' + domain 'workflow' -> rule 19 platform/workflow-execution (relabeled 2026-07-10, Phase-0 open decision #1 resolved; was rule 17 unknown/unknown). POST-FIX (fix 2): correlation_id now inherited from chain root and causation = received event id, depth 2 (was self-correlated orphan pre-fix).
INGRESS-ACME-seq1277.json	1277	evt.acme.agent-memory-service.agent-memory.platform.internal.memory_proposed.v1	879fcca3-4b79-4c72-8f9f-35aa31977484	memory:32eab64d-f49d-4298-a052-15f8cd42148b	platform	agent-memory	false	9	ALTA	Classified by SUBJECT (rule 9 note). Root of the memory lifecycle (causation null by design). envelope.producer=agent-admin-service and domain=automation still contradict subject tokens (DRIFT#9, not part of the fixes). Session links to ai-agent-triage question execution 019f48b4-43f1.
INGRESS-ACME-seq1278.json	1278	evt.acme.ai-agent-gateway.automation.platform.internal.execution_completed.v1	f0506450-ac97-4be0-9b67-859bd62ca71b	049662ce-1986-4894-b8bd-71565252dde3	platform	agent-execution	false	6	ALTA	POST-FIX: inherits chain correlation via deriveEnvelope; causation = execution_requested id, depth 3.
INGRESS-ACME-seq1279.json	1279	evt.acme.ai-agent-gateway.automation.platform.internal.execution_started.v1	f3da7d1b-168d-4323-accc-43f1202d5f62	8c0576be-f9d1-48c7-a3e9-1e5c72b48ac2	platform	agent-execution	false	6	ALTA	POST-FIX: inherits chain correlation via deriveEnvelope; causation = execution_requested id, depth 3.
INGRESS-ACME-seq1280.json	1280	evt.acme.channel-service.messaging.telegram.telegram.send.v1	7fe85e26-c783-4ad8-b53b-e33608538f23	049662ce-1986-4894-b8bd-71565252dde3	telegram	channel-egress	false	4	ALTA	Outbound send; correlation inherited from chain root. Residual (deferred fix 3): causation points at the received event, skipping the agent execution.
INGRESS-ACME-seq1281.json	1281	evt.acme.workflow-service.workflow.internal.native.execution_completed.v1	53077ede-c775-4d9c-8ef8-819af91bc26f	049662ce-1986-4894-b8bd-71565252dde3	platform	workflow-execution	false	19	ALTA	producer 'workflow-service' + domain 'workflow' -> rule 19 platform/workflow-execution (relabeled 2026-07-10, Phase-0 open decision #1 resolved; was rule 17 unknown/unknown). POST-FIX (fix 2): correlation_id now inherited from chain root and causation = received event id, depth 2 (was self-correlated orphan pre-fix).
INGRESS-ACME-seq1282.json	1282	evt.acme.channel-service.messaging.telegram.telegram.sent.v1	3ca5d18a-b8b9-4646-814f-87437b7f8dbe	049662ce-1986-4894-b8bd-71565252dde3	telegram	channel-egress	false	4	ALTA	Outbound sent confirmation; causation = the send event id, correlation inherited.
INGRESS-ACME-seq1283.json	1283	evt.acme.agent-memory-service.agent-memory.platform.internal.memory_proposed.v1	56617f24-c5e2-4aa1-bddd-7c81e8e13075	memory:5366c0d3-3752-410b-9b49-7c2021c41554	platform	agent-memory	false	9	ALTA	Classified by SUBJECT (rule 9 note). Root of the memory lifecycle (causation null by design). envelope.producer=agent-admin-service and domain=automation still contradict subject tokens (DRIFT#9, not part of the fixes). Session links to ai-agent-triage compliment execution 019f48b4-4bd9.
INGRESS-ACME-seq1284.json	1284	evt.acme.ai-agent-gateway.automation.platform.internal.execution_completed.v1	b0f4f426-54d3-48a1-977c-88c51422334b	8c0576be-f9d1-48c7-a3e9-1e5c72b48ac2	platform	agent-execution	false	6	ALTA	POST-FIX: inherits chain correlation via deriveEnvelope; causation = execution_requested id, depth 3.
INGRESS-ACME-seq1285.json	1285	evt.acme.channel-service.messaging.telegram.telegram.send.v1	5e624a90-dd45-4959-857b-bef4700f12c0	8c0576be-f9d1-48c7-a3e9-1e5c72b48ac2	telegram	channel-egress	false	4	ALTA	Outbound send; correlation inherited from chain root. Residual (deferred fix 3): causation points at the received event, skipping the agent execution.
INGRESS-ACME-seq1286.json	1286	evt.acme.workflow-service.workflow.internal.native.execution_completed.v1	b079de31-fc01-4c39-b122-c8425642af95	8c0576be-f9d1-48c7-a3e9-1e5c72b48ac2	platform	workflow-execution	false	19	ALTA	producer 'workflow-service' + domain 'workflow' -> rule 19 platform/workflow-execution (relabeled 2026-07-10, Phase-0 open decision #1 resolved; was rule 17 unknown/unknown). POST-FIX (fix 2): correlation_id now inherited from chain root and causation = received event id, depth 2 (was self-correlated orphan pre-fix).
INGRESS-ACME-seq1287.json	1287	evt.acme.channel-service.messaging.telegram.telegram.sent.v1	bcabe80a-9252-4779-8b99-87f1951922d1	8c0576be-f9d1-48c7-a3e9-1e5c72b48ac2	telegram	channel-egress	false	4	ALTA	Outbound sent confirmation; causation = the send event id, correlation inherited.
INGRESS-ACME-seq1288.json	1288	evt.acme.ai-agent-gateway.automation.platform.internal.online.v1	c5cadece-f7d7-45ba-83f6-b21641a73c3e	75002f67-edc9-46cc-a6b6-3e6571076aa0	platform	runtime-presence	false	20	ALTA	Runtime-presence heartbeat (online.v1) published every ~15s per active tenant by agent-ai-service HeartbeatService (heartbeat.service.ts:91). Rule 20 -> platform/runtime-presence, disposition counted-not-persisted: no row inserted, OTel counter tracking_ingester_skipped_total keeps it visible. Non-canonical envelope (no data.payload_inline, transport={name,version}, UUID idempotencykey); subject producer token ai-agent-gateway but publisher is agent-ai-service (producer-token drift analogous to DRIFT.md item 9; heartbeat non-canonical traits in DRIFT.md item 5).
INGRESS-ACME-seq1289.json	1289	evt.acme.ai-agent-gateway.automation.platform.internal.online.v1	e47574de-3c08-49d7-a3dc-7e7705ce3e1d	f22f67ea-9b37-400e-8da8-ac9ddfc4f4bf	platform	runtime-presence	false	20	ALTA	Runtime-presence heartbeat (online.v1) published every ~15s per active tenant by agent-ai-service HeartbeatService (heartbeat.service.ts:91). Rule 20 -> platform/runtime-presence, disposition counted-not-persisted: no row inserted, OTel counter tracking_ingester_skipped_total keeps it visible. Non-canonical envelope (no data.payload_inline, transport={name,version}, UUID idempotencykey); subject producer token ai-agent-gateway but publisher is agent-ai-service (producer-token drift analogous to DRIFT.md item 9; heartbeat non-canonical traits in DRIFT.md item 5).
INGRESS-ACME-seq1290.json	1290	evt.acme.ai-agent-gateway.automation.platform.internal.online.v1	31be0f66-4f4f-4daf-bba7-2be26f54ca92	5c45e771-8048-4593-9b22-f434f481ce6e	platform	runtime-presence	false	20	ALTA	Runtime-presence heartbeat (online.v1) published every ~15s per active tenant by agent-ai-service HeartbeatService (heartbeat.service.ts:91). Rule 20 -> platform/runtime-presence, disposition counted-not-persisted: no row inserted, OTel counter tracking_ingester_skipped_total keeps it visible. Non-canonical envelope (no data.payload_inline, transport={name,version}, UUID idempotencykey); subject producer token ai-agent-gateway but publisher is agent-ai-service (producer-token drift analogous to DRIFT.md item 9; heartbeat non-canonical traits in DRIFT.md item 5).
INGRESS-ACME-seq1291.json	1291	evt.acme.ai-agent-gateway.automation.platform.internal.online.v1	58cac376-1855-40e0-b62d-a96665e494e7	67cb9da0-a4eb-4081-922e-3cf50585431f	platform	runtime-presence	false	20	ALTA	Runtime-presence heartbeat (online.v1) published every ~15s per active tenant by agent-ai-service HeartbeatService (heartbeat.service.ts:91). Rule 20 -> platform/runtime-presence, disposition counted-not-persisted: no row inserted, OTel counter tracking_ingester_skipped_total keeps it visible. Non-canonical envelope (no data.payload_inline, transport={name,version}, UUID idempotencykey); subject producer token ai-agent-gateway but publisher is agent-ai-service (producer-token drift analogous to DRIFT.md item 9; heartbeat non-canonical traits in DRIFT.md item 5).
INGRESS-ACME-seq1292.json	1292	evt.acme.ai-agent-gateway.automation.platform.internal.online.v1	be6bd58b-07d1-48dc-97ff-585ab70e943a	b1c7fe59-2cc1-4596-90b9-490b809f74c8	platform	runtime-presence	false	20	ALTA	Runtime-presence heartbeat (online.v1) published every ~15s per active tenant by agent-ai-service HeartbeatService (heartbeat.service.ts:91). Rule 20 -> platform/runtime-presence, disposition counted-not-persisted: no row inserted, OTel counter tracking_ingester_skipped_total keeps it visible. Non-canonical envelope (no data.payload_inline, transport={name,version}, UUID idempotencykey); subject producer token ai-agent-gateway but publisher is agent-ai-service (producer-token drift analogous to DRIFT.md item 9; heartbeat non-canonical traits in DRIFT.md item 5).
INGRESS-ACME-seq1293.json	1293	evt.acme.ai-agent-gateway.automation.platform.internal.online.v1	08d684e4-d868-4c40-8145-988c535b9a9e	800ba46c-5d8a-42f0-a3f2-8083721a16e2	platform	runtime-presence	false	20	ALTA	Runtime-presence heartbeat (online.v1) published every ~15s per active tenant by agent-ai-service HeartbeatService (heartbeat.service.ts:91). Rule 20 -> platform/runtime-presence, disposition counted-not-persisted: no row inserted, OTel counter tracking_ingester_skipped_total keeps it visible. Non-canonical envelope (no data.payload_inline, transport={name,version}, UUID idempotencykey); subject producer token ai-agent-gateway but publisher is agent-ai-service (producer-token drift analogous to DRIFT.md item 9; heartbeat non-canonical traits in DRIFT.md item 5).
INGRESS-ACME-seq1294.json	1294	evt.acme.ai-agent-gateway.automation.platform.internal.online.v1	d776f0cd-b4c0-4fb0-b0f8-b04a4c50bf18	0fec2546-64b7-42c5-8e89-a637bfe1ef91	platform	runtime-presence	false	20	ALTA	Runtime-presence heartbeat (online.v1) published every ~15s per active tenant by agent-ai-service HeartbeatService (heartbeat.service.ts:91). Rule 20 -> platform/runtime-presence, disposition counted-not-persisted: no row inserted, OTel counter tracking_ingester_skipped_total keeps it visible. Non-canonical envelope (no data.payload_inline, transport={name,version}, UUID idempotencykey); subject producer token ai-agent-gateway but publisher is agent-ai-service (producer-token drift analogous to DRIFT.md item 9; heartbeat non-canonical traits in DRIFT.md item 5).
INGRESS-ACME-seq1295.json	1295	evt.acme.ai-agent-gateway.automation.platform.internal.online.v1	3db39769-abfc-4583-8258-cf8f7dee6627	61dec189-9bb6-4759-9b7b-451e4b649dfb	platform	runtime-presence	false	20	ALTA	Runtime-presence heartbeat (online.v1) published every ~15s per active tenant by agent-ai-service HeartbeatService (heartbeat.service.ts:91). Rule 20 -> platform/runtime-presence, disposition counted-not-persisted: no row inserted, OTel counter tracking_ingester_skipped_total keeps it visible. Non-canonical envelope (no data.payload_inline, transport={name,version}, UUID idempotencykey); subject producer token ai-agent-gateway but publisher is agent-ai-service (producer-token drift analogous to DRIFT.md item 9; heartbeat non-canonical traits in DRIFT.md item 5).
INGRESS-ACME-seq1296.json	1296	evt.acme.ai-agent-gateway.automation.platform.internal.online.v1	17d6e810-d19e-4314-a1ed-7b4bd593217b	1b36e532-24d7-49e3-963d-4c2c43732b44	platform	runtime-presence	false	20	ALTA	Runtime-presence heartbeat (online.v1) published every ~15s per active tenant by agent-ai-service HeartbeatService (heartbeat.service.ts:91). Rule 20 -> platform/runtime-presence, disposition counted-not-persisted: no row inserted, OTel counter tracking_ingester_skipped_total keeps it visible. Non-canonical envelope (no data.payload_inline, transport={name,version}, UUID idempotencykey); subject producer token ai-agent-gateway but publisher is agent-ai-service (producer-token drift analogous to DRIFT.md item 9; heartbeat non-canonical traits in DRIFT.md item 5).
INGRESS-ACME-seq1297.json	1297	evt.acme.ai-agent-gateway.automation.platform.internal.online.v1	38e7aa18-5d5f-4556-acb5-bb033741ccfa	dd603213-3b68-4c23-9aed-9c51c84f178d	platform	runtime-presence	false	20	ALTA	Runtime-presence heartbeat (online.v1) published every ~15s per active tenant by agent-ai-service HeartbeatService (heartbeat.service.ts:91). Rule 20 -> platform/runtime-presence, disposition counted-not-persisted: no row inserted, OTel counter tracking_ingester_skipped_total keeps it visible. Non-canonical envelope (no data.payload_inline, transport={name,version}, UUID idempotencykey); subject producer token ai-agent-gateway but publisher is agent-ai-service (producer-token drift analogous to DRIFT.md item 9; heartbeat non-canonical traits in DRIFT.md item 5).
INGRESS-ACME-seq1298.json	1298	evt.acme.ai-agent-gateway.automation.platform.internal.online.v1	5eae53fa-7e44-4756-8b3d-3d1c92444ef0	410ff859-5337-4dfd-867a-066920e007e1	platform	runtime-presence	false	20	ALTA	Runtime-presence heartbeat (online.v1) published every ~15s per active tenant by agent-ai-service HeartbeatService (heartbeat.service.ts:91). Rule 20 -> platform/runtime-presence, disposition counted-not-persisted: no row inserted, OTel counter tracking_ingester_skipped_total keeps it visible. Non-canonical envelope (no data.payload_inline, transport={name,version}, UUID idempotencykey); subject producer token ai-agent-gateway but publisher is agent-ai-service (producer-token drift analogous to DRIFT.md item 9; heartbeat non-canonical traits in DRIFT.md item 5).
INGRESS-ACME-seq1299.json	1299	evt.acme.ai-agent-gateway.automation.platform.internal.online.v1	087a6655-8f40-4a0e-b98b-8e21191412e7	5cbcd273-c8f3-4902-8942-f9eca2e63a15	platform	runtime-presence	false	20	ALTA	Runtime-presence heartbeat (online.v1) published every ~15s per active tenant by agent-ai-service HeartbeatService (heartbeat.service.ts:91). Rule 20 -> platform/runtime-presence, disposition counted-not-persisted: no row inserted, OTel counter tracking_ingester_skipped_total keeps it visible. Non-canonical envelope (no data.payload_inline, transport={name,version}, UUID idempotencykey); subject producer token ai-agent-gateway but publisher is agent-ai-service (producer-token drift analogous to DRIFT.md item 9; heartbeat non-canonical traits in DRIFT.md item 5).
INGRESS-ACME-seq1300.json	1300	evt.acme.ai-agent-gateway.automation.platform.internal.online.v1	62b5e1bd-36ae-4fa3-aa86-a76fc66ee17d	c9f138b8-43e5-48cb-8993-6bb8919859b7	platform	runtime-presence	false	20	ALTA	Runtime-presence heartbeat (online.v1) published every ~15s per active tenant by agent-ai-service HeartbeatService (heartbeat.service.ts:91). Rule 20 -> platform/runtime-presence, disposition counted-not-persisted: no row inserted, OTel counter tracking_ingester_skipped_total keeps it visible. Non-canonical envelope (no data.payload_inline, transport={name,version}, UUID idempotencykey); subject producer token ai-agent-gateway but publisher is agent-ai-service (producer-token drift analogous to DRIFT.md item 9; heartbeat non-canonical traits in DRIFT.md item 5).
INGRESS-ACME-seq1301.json	1301	evt.acme.ai-agent-gateway.automation.platform.internal.online.v1	38992d90-49be-4b0a-a90e-79cdaf266500	26b3a3f5-1b3c-4114-9e89-3886dc6cdd8f	platform	runtime-presence	false	20	ALTA	Runtime-presence heartbeat (online.v1) published every ~15s per active tenant by agent-ai-service HeartbeatService (heartbeat.service.ts:91). Rule 20 -> platform/runtime-presence, disposition counted-not-persisted: no row inserted, OTel counter tracking_ingester_skipped_total keeps it visible. Non-canonical envelope (no data.payload_inline, transport={name,version}, UUID idempotencykey); subject producer token ai-agent-gateway but publisher is agent-ai-service (producer-token drift analogous to DRIFT.md item 9; heartbeat non-canonical traits in DRIFT.md item 5).
INGRESS-ACME-seq1302.json	1302	evt.acme.ai-agent-gateway.automation.platform.internal.online.v1	c1fb25b2-1047-4b38-9938-c92a8f6e1a8b	afa93e6f-b1b3-40d9-b048-5d82603fdc8f	platform	runtime-presence	false	20	ALTA	Runtime-presence heartbeat (online.v1) published every ~15s per active tenant by agent-ai-service HeartbeatService (heartbeat.service.ts:91). Rule 20 -> platform/runtime-presence, disposition counted-not-persisted: no row inserted, OTel counter tracking_ingester_skipped_total keeps it visible. Non-canonical envelope (no data.payload_inline, transport={name,version}, UUID idempotencykey); subject producer token ai-agent-gateway but publisher is agent-ai-service (producer-token drift analogous to DRIFT.md item 9; heartbeat non-canonical traits in DRIFT.md item 5).
INGRESS-ACME-seq1303.json	1303	evt.acme.ai-agent-gateway.automation.platform.internal.online.v1	4e3ef138-ee55-430f-b1ac-94d27e889179	48e39e33-57dd-4f47-a6b0-da986f210b6c	platform	runtime-presence	false	20	ALTA	Runtime-presence heartbeat (online.v1) published every ~15s per active tenant by agent-ai-service HeartbeatService (heartbeat.service.ts:91). Rule 20 -> platform/runtime-presence, disposition counted-not-persisted: no row inserted, OTel counter tracking_ingester_skipped_total keeps it visible. Non-canonical envelope (no data.payload_inline, transport={name,version}, UUID idempotencykey); subject producer token ai-agent-gateway but publisher is agent-ai-service (producer-token drift analogous to DRIFT.md item 9; heartbeat non-canonical traits in DRIFT.md item 5).
INGRESS-ACME-seq1304.json	1304	evt.acme.ai-agent-gateway.automation.platform.internal.online.v1	f6a5e8e6-7372-48bf-a3cb-4f30dbd95011	5aadbe52-036d-44b6-a0b2-80a6befbdbe7	platform	runtime-presence	false	20	ALTA	Runtime-presence heartbeat (online.v1) published every ~15s per active tenant by agent-ai-service HeartbeatService (heartbeat.service.ts:91). Rule 20 -> platform/runtime-presence, disposition counted-not-persisted: no row inserted, OTel counter tracking_ingester_skipped_total keeps it visible. Non-canonical envelope (no data.payload_inline, transport={name,version}, UUID idempotencykey); subject producer token ai-agent-gateway but publisher is agent-ai-service (producer-token drift analogous to DRIFT.md item 9; heartbeat non-canonical traits in DRIFT.md item 5).
INGRESS-ACME-seq1305.json	1305	evt.acme.ai-agent-gateway.automation.platform.internal.online.v1	223e3f15-e6e9-4587-bc1e-c4c11a74ead7	4f151de4-41ae-446b-ad81-7b1cd5513752	platform	runtime-presence	false	20	ALTA	Runtime-presence heartbeat (online.v1) published every ~15s per active tenant by agent-ai-service HeartbeatService (heartbeat.service.ts:91). Rule 20 -> platform/runtime-presence, disposition counted-not-persisted: no row inserted, OTel counter tracking_ingester_skipped_total keeps it visible. Non-canonical envelope (no data.payload_inline, transport={name,version}, UUID idempotencykey); subject producer token ai-agent-gateway but publisher is agent-ai-service (producer-token drift analogous to DRIFT.md item 9; heartbeat non-canonical traits in DRIFT.md item 5).
INGRESS-ACME-seq1306.json	1306	evt.acme.ai-agent-gateway.automation.platform.internal.online.v1	3fd76a15-5a7e-4b8d-9014-17f5a97ab6f9	69e977e2-857d-4903-821a-9a9bae2db49d	platform	runtime-presence	false	20	ALTA	Runtime-presence heartbeat (online.v1) published every ~15s per active tenant by agent-ai-service HeartbeatService (heartbeat.service.ts:91). Rule 20 -> platform/runtime-presence, disposition counted-not-persisted: no row inserted, OTel counter tracking_ingester_skipped_total keeps it visible. Non-canonical envelope (no data.payload_inline, transport={name,version}, UUID idempotencykey); subject producer token ai-agent-gateway but publisher is agent-ai-service (producer-token drift analogous to DRIFT.md item 9; heartbeat non-canonical traits in DRIFT.md item 5).
INGRESS-ACME-seq1307.json	1307	evt.acme.ai-agent-gateway.automation.platform.internal.online.v1	5bd1e7a5-ecc2-4fbd-9f7b-ee57a4ee21b2	f5054026-4fee-4d87-a83d-2c52122e74d6	platform	runtime-presence	false	20	ALTA	Runtime-presence heartbeat (online.v1) published every ~15s per active tenant by agent-ai-service HeartbeatService (heartbeat.service.ts:91). Rule 20 -> platform/runtime-presence, disposition counted-not-persisted: no row inserted, OTel counter tracking_ingester_skipped_total keeps it visible. Non-canonical envelope (no data.payload_inline, transport={name,version}, UUID idempotencykey); subject producer token ai-agent-gateway but publisher is agent-ai-service (producer-token drift analogous to DRIFT.md item 9; heartbeat non-canonical traits in DRIFT.md item 5).
INGRESS-ACME-seq1308.json	1308	evt.acme.agent-memory-service.agent-memory.platform.internal.memory_proposed.v1	332d969f-ca08-4f6d-8a8a-dbd773e5c7c5	memory:bb0135b3-a749-4241-aad5-95897396b3d7	platform	agent-memory	false	9	ALTA	Classified by SUBJECT (rule 9 note). Root of the memory lifecycle (causation null by design). envelope.producer=agent-admin-service and domain=automation still contradict subject tokens (DRIFT#9, not part of the fixes). TEST PROVENANCE: deliberate correlation-fix validation memory A (payload.content='Temporary test memory to validate causation anchoring. Safe to delete.').
INGRESS-ACME-seq1309.json	1309	evt.acme.agent-memory-service.agent-memory.platform.internal.memory_proposed.v1	5c491be7-ff9d-4dc4-a080-32bfe1b7b99b	memory:da052291-0b9f-4398-8841-23c06b0ab1cb	platform	agent-memory	false	9	ALTA	Classified by SUBJECT (rule 9 note). Root of the memory lifecycle (causation null by design). envelope.producer=agent-admin-service and domain=automation still contradict subject tokens (DRIFT#9, not part of the fixes). TEST PROVENANCE: deliberate correlation-fix validation memory B (same content marker).
INGRESS-ACME-seq1310.json	1310	evt.acme.agent-memory-service.agent-memory.platform.internal.memory_published.v1	5835af80-fc60-4d3c-9111-3a1ea571612d	memory:bb0135b3-a749-4241-aad5-95897396b3d7	platform	agent-memory	false	9	ALTA	POST-FIX (fix 4): causation_id = memory_proposed envelope id, correlation memory:<id>, depth 1 (was causation null pre-fix). DRIFT#9 producer/domain mismatch persists. TEST PROVENANCE: publication of validation memory A; causation 332d969f... = seq1308 envelope id (anchoring VERIFIED).
INGRESS-ACME-seq1311.json	1311	evt.acme.agent-memory-service.agent-memory.platform.internal.memory_rejected.v1	b0372a56-0054-4095-83dc-cba0ac1060c0	memory:da052291-0b9f-4398-8841-23c06b0ab1cb	platform	agent-memory	false	9	ALTA	POST-FIX (fix 4): causation_id = memory_proposed envelope id, correlation memory:<id>, depth 1 (was causation null pre-fix). DRIFT#9 producer/domain mismatch persists. TEST PROVENANCE: rejection of validation memory B; causation 5c491be7... = seq1309 envelope id (anchoring VERIFIED).
GATEWAY_AUDIT-seq41771.json	41771	audit.gateway.request			gateway-audit	audit	false	14	ALTA	Cross-tenant GATEWAY_AUDIT event (kube-probe /readyz); non-canonical GatewayAuditEvent shape.
GATEWAY_AUDIT-seq41969.json	41969	audit.gateway.request			gateway-audit	audit	false	14	ALTA	Cross-tenant GATEWAY_AUDIT event (kube-probe /readyz); non-canonical GatewayAuditEvent shape.
INGRESS-ACME-seq1312.json	1312	evt.acme.workflow-service.workflow.internal.native.execution_started.v1	1f57ae8e-6c10-47ad-bfca-885e9753457a	07102a98-5185-40b7-85e8-3a60d23fd096	platform	workflow-execution	false	19	ALTA	workflow-step-events T01 golden: run-level execution_started, same family as execution_completed (producer workflow-service, domain workflow) -> rule 19 kind-agnostic. Causation = the triggering canonical event, correlation inherited from chain root, depth 2. This event's id is the SIBLING anchor every step event of the run (action_started/action_completed/condition_evaluated) cites as causation_id.
INGRESS-ACME-seq1313.json	1313	evt.acme.workflow-service.workflow.internal.native.action_started.v1	f7e62e5c-5e17-42e8-bd2d-d133f6f8d9c1	07102a98-5185-40b7-85e8-3a60d23fd096	platform	workflow-execution	false	19	ALTA	workflow-step-events T01 golden: step-level action_started (action_index 0, action_type http_call) -> rule 19. SIBLING hop: causation = the run's execution_started envelope id (not a chained step-to-step causation), correlation inherited, depth 3 (execution_started.depth + 1, constant regardless of action_index).
INGRESS-ACME-seq1314.json	1314	evt.acme.workflow-service.workflow.internal.native.action_completed.v1	3c0af1bf-2bd8-4636-a5de-d29771b8f811	07102a98-5185-40b7-85e8-3a60d23fd096	platform	workflow-execution	false	19	ALTA	workflow-step-events T01 golden: step-level action_completed (action_index 0, status ok) -> rule 19. SIBLING hop: causation = the run's execution_started envelope id (NOT the matching action_started envelope id), correlation inherited, depth 3 (execution_started.depth + 1, constant).
INGRESS-ACME-seq1315.json	1315	evt.acme.workflow-service.workflow.internal.native.condition_evaluated.v1	2cf3f6f6-c76a-4150-9470-2e2415c30e09	07102a98-5185-40b7-85e8-3a60d23fd096	platform	workflow-execution	false	19	ALTA	workflow-step-events T01 golden: condition_evaluated payload {expression, evaluatedValue, branchTaken, cases} -> rule 19. SIBLING hop: causation = the run's execution_started envelope id (NOT the preceding action's action_completed), correlation inherited, depth 3 (execution_started.depth + 1, constant).
INGRESS-ACME-seq1316.json	1316	evt.acme.workflow-service.workflow.internal.native.execution_started.v1	1c19bc4a-8864-4e3a-ac29-28f135140f1a	583625a7-8eb0-4189-a68b-b597eaff69c4	platform	workflow-execution	false	19	ALTA	workflow-step-events T01 golden: run-level execution_started, second chain instance -> rule 19 kind-agnostic. Causation = the triggering canonical event, correlation inherited from chain root, depth 2. This event's id is the SIBLING anchor every step event of the run cites as causation_id.
INGRESS-ACME-seq1317.json	1317	evt.acme.workflow-service.workflow.internal.native.action_started.v1	f0edb037-d97f-4fd6-b235-a20af96502c8	583625a7-8eb0-4189-a68b-b597eaff69c4	platform	workflow-execution	false	19	ALTA	workflow-step-events T01 golden: step-level action_started (action_index 1, action_type agentCall, branch true-branch) -> rule 19. SIBLING hop: causation = the run's execution_started envelope id, correlation inherited, depth 3 (execution_started.depth + 1, constant regardless of action_index).
INGRESS-ACME-seq1318.json	1318	evt.acme.workflow-service.workflow.internal.native.action_completed.v1	3b324467-86a7-436d-93b6-80542c1e65d8	583625a7-8eb0-4189-a68b-b597eaff69c4	platform	workflow-execution	false	19	ALTA	workflow-step-events T01 golden: step-level action_completed (action_index 1, status failed) -> rule 19. SIBLING hop: causation = the run's execution_started envelope id (NOT the matching action_started envelope id), correlation inherited, depth 3 (execution_started.depth + 1, constant).
INGRESS-ACME-seq1319.json	1319	evt.acme.workflow-service.workflow.internal.native.condition_evaluated.v1	32b0ce49-e544-4ad1-930f-d10f2a2e1dc2	583625a7-8eb0-4189-a68b-b597eaff69c4	platform	workflow-execution	false	19	ALTA	workflow-step-events T01 golden: condition_evaluated payload {expression, evaluatedValue, branchTaken:null, cases} for an if-without-else evaluating false -> rule 19. SIBLING hop: causation = the run's execution_started envelope id (NOT the preceding action's action_completed), correlation inherited, depth 3 (execution_started.depth + 1, constant).
